[{"fields": {"first_name": "Lester", "last_name": "Nacu", "middle_name": "Ali", "photo": "", "landline_number": "", "mobile_number": "", "birthdate": "2014-07-30", "sex": "M", "civil_status": "S", "address": "UP Diliman, Quezon City PH 1101", "email_address": "nax@nax.com"}, "model": "profiling.person", "pk": 1}, {"fields": {"no_semester": 2, "name": "University of the Philippines, Diliman", "photo": "", "with_summer": true, "email_address": "updio@upd.edu.ph", "member_since": "2014-07-30", "address": "Diliman, Quezon City, PH 1101", "landline_number": "981-8500"}, "model": "profiling.university", "pk": 1}, {"fields": {"no_semester": 2, "name": "University of the Philippines, Los Banos", "photo": "", "with_summer": true, "email_address": "learnmore@uplb.edu.ph", "member_since": "2007-04-01", "address": "Los Banos, Laguna, PH 4031", "landline_number": "(049) 536-2928"}, "model": "profiling.university", "pk": 2}, {"fields": {"no_semester": 2, "name": "Ateneo de Manila University", "photo": "", "with_summer": true, "email_address": "info@admu.edu.ph", "member_since": "2007-04-01", "address": "Katipunan Avenue, Loyola Heights, Quezon City, PH 1108", "landline_number": ""}, "model": "profiling.university", "pk": 3}, {"fields": {"no_semester": 3, "name": "De La Salle University, Manila", "photo": "", "with_summer": true, "email_address": "none@none.com", "member_since": "2007-04-01", "address": "2401 Taft Avenue, 1004 Manila, Philippines", "landline_number": "none"}, "model": "profiling.university", "pk": 4}, {"fields": {"no_semester": 2, "name": "Central Luzon State University", "photo": "", "with_summer": true, "email_address": "none@none.com", "member_since": "2007-04-01", "address": "Science City of Mu\u00f1oz, Nueva Ecija, PH 3120", "landline_number": "(+6344) 456-0688"}, "model": "profiling.university", "pk": 5}, {"fields": {"no_semester": 2, "name": "University of San Carlos", "photo": "", "with_summer": true, "email_address": "information@usc.edu.ph", "member_since": "2007-04-01", "address": "P. del Rosario Street, Cebu City, Philippines 6000", "landline_number": "+63 (32) 253 1000"}, "model": "profiling.university", "pk": 6}, {"fields": {"university": 1, "photo": "", "landline_number": "(+632) 434 3877", "email_address": "info@dcs.upd.edu.ph", "name": "Department of Computer Science"}, "model": "profiling.department", "pk": 1}, {"fields": {"university": 1, "photo": "", "landline_number": "(+632) 925 2958", "email_address": "info@eeei.upd.edu.ph", "name": "Electrical and Electronics Engineering Institute"}, "model": "profiling.department", "pk": 2}, {"fields": {"university": 1, "photo": "", "landline_number": "(+632) 434-3635", "email_address": "info@ice.upd.edu.ph", "name": "Institute of Civil Engineering"}, "model": "profiling.department", "pk": 3}, {"fields": {"university": 1, "photo": "", "landline_number": "loc 3114", "email_address": "chemeng@coe.upd.edu.ph", "name": "Department of Chemical Engineering"}, "model": "profiling.department", "pk": 4}, {"fields": {"university": 1, "photo": "", "landline_number": "local 3128/3145", "email_address": "ieor@upd.edu.ph", "name": "Department of Industrial Engineering and Operations Research"}, "model": "profiling.department", "pk": 5}, {"fields": {"university": 1, "photo": "", "landline_number": "(+632) 920-8860", "email_address": "upengg@coe.upd.edu.ph", "name": "College of Engineering"}, "model": "profiling.department", "pk": 6}, {"fields": {"university": 1, "photo": "", "landline_number": "loc 3164", "email_address": "dmmme@coe.upd.edu.ph", "name": "Department of Mining, Metallurgical, and Materials Engineering"}, "model": "profiling.department", "pk": 7}, {"fields": {"university": 1, "photo": "", "landline_number": "none", "email_address": "none@none.com", "name": "Department of Geodetic Engineering"}, "model": "profiling.department", "pk": 8}, {"fields": {"university": 1, "photo": "", "landline_number": "none", "email_address": "none@none.com", "name": "Department of Mechanical Engineering"}, "model": "profiling.department", "pk": 9}, {"fields": {"university": 3, "photo": "", "landline_number": "(632) 426-6001", "email_address": "discs.sose@ateneo.edu", "name": "Department of Information Systems and Computer Science"}, "model": "profiling.department", "pk": 10}, {"fields": {"university": 5, "photo": "", "landline_number": "none", "email_address": "none@none.com", "name": "College of Engineering"}, "model": "profiling.department", "pk": 11}, {"fields": {"university": 4, "photo": "", "landline_number": " (632) 524-4611", "email_address": "deancoe@dlsu.edu.ph", "name": "Department of Chemical Engineering"}, "model": "profiling.department", "pk": 12}, {"fields": {"university": 4, "photo": "", "landline_number": " (632) 524-4611", "email_address": "deancoe@dlsu.edu.ph", "name": "Department of Civil Engineering"}, "model": "profiling.department", "pk": 13}, {"fields": {"university": 4, "photo": "", "landline_number": " (632) 524-4611", "email_address": "deancoe@dlsu.edu.ph", "name": "Department of Electrical and Electronics Engineering"}, "model": "profiling.department", "pk": 14}, {"fields": {"university": 4, "photo": "", "landline_number": " (632) 524-4611", "email_address": "deancoe@dlsu.edu.ph", "name": "Department of Industrial Engineering"}, "model": "profiling.department", "pk": 15}, {"fields": {"university": 4, "photo": "", "landline_number": " (632) 524-4611", "email_address": "deancoe@dlsu.edu.ph", "name": "Department of Manufacturing Engineering and Management"}, "model": "profiling.department", "pk": 16}, {"fields": {"university": 4, "photo": "", "landline_number": " (632) 524-4611", "email_address": "deancoe@dlsu.edu.ph", "name": "Department of Mechanical Engineering"}, "model": "profiling.department", "pk": 17}, {"fields": {"university": 4, "photo": "", "landline_number": " (632) 524-4611", "email_address": "deanccs@dlsu.edu.ph", "name": "College of Computer Studies"}, "model": "profiling.department", "pk": 18}, {"fields": {"university": 6, "photo": "", "landline_number": " +63 (32) 230-0100", "email_address": "engdean@usc.edu.ph", "name": "Department of Chemical Engineering"}, "model": "profiling.department", "pk": 19}, {"fields": {"university": 6, "photo": "", "landline_number": "+63 (32) 253 1000", "email_address": "engdean@usc.edu.ph", "name": "Department of Electrical/Electronics and Communications Engineering"}, "model": "profiling.department", "pk": 20}, {"fields": {"university": 6, "photo": "", "landline_number": "+63 (32) 253 1000", "email_address": "engdean@usc.edu.ph", "name": "Department of Industrial Engineering"}, "model": "profiling.department", "pk": 21}, {"fields": {"university": 6, "photo": "", "landline_number": "+63 (32) 253 1000", "email_address": "engdean@usc.edu.ph", "name": "Department of Mechanical Engineering"}, "model": "profiling.department", "pk": 22}, {"fields": {"department": 1, "no_semester": 6, "program": "Computer Science", "degree": "MS"}, "model": "profiling.degree_program", "pk": 1}, {"fields": {"department": 1, "no_semester": 15, "program": "Computer Science", "degree": "PHD"}, "model": "profiling.degree_program", "pk": 2}, {"fields": {"department": 2, "no_semester": 6, "program": "Electrical Engineering", "degree": "MS"}, "model": "profiling.degree_program", "pk": 3}, {"fields": {"department": 2, "no_semester": 6, "program": "Electronics and Communications Engineering", "degree": "MS"}, "model": "profiling.degree_program", "pk": 4}, {"fields": {"department": 2, "no_semester": 15, "program": "Electrical Engineering", "degree": "PHD"}, "model": "profiling.degree_program", "pk": 5}, {"fields": {"department": 3, "no_semester": 6, "program": "Civil Engineering", "degree": "MS"}, "model": "profiling.degree_program", "pk": 6}, {"fields": {"department": 3, "no_semester": 15, "program": "Civil Engineering", "degree": "PHD"}, "model": "profiling.degree_program", "pk": 7}, {"fields": {"department": 4, "no_semester": 6, "program": "Chemical Engineering", "degree": "MS"}, "model": "profiling.degree_program", "pk": 8}, {"fields": {"department": 5, "no_semester": 6, "program": "Industrial Engineering", "degree": "MS"}, "model": "profiling.degree_program", "pk": 10}, {"fields": {"department": 6, "no_semester": 6, "program": "Environmental Engineering", "degree": "MS"}, "model": "profiling.degree_program", "pk": 11}, {"fields": {"department": 6, "no_semester": 15, "program": "Environmental Engineering", "degree": "PHD"}, "model": "profiling.degree_program", "pk": 12}, {"fields": {"department": 6, "no_semester": 6, "program": "Energy Engineering", "degree": "MS"}, "model": "profiling.degree_program", "pk": 13}, {"fields": {"department": 6, "no_semester": 15, "program": "Energy Engineering", "degree": "PHD"}, "model": "profiling.degree_program", "pk": 14}, {"fields": {"department": 7, "no_semester": 6, "program": "Metallurgical Engineering", "degree": "MS"}, "model": "profiling.degree_program", "pk": 15}, {"fields": {"department": 7, "no_semester": 6, "program": "Materials Science and Engineering", "degree": "MS"}, "model": "profiling.degree_program", "pk": 16}, {"fields": {"department": 7, "no_semester": 15, "program": "Materials Science and Engineering", "degree": "PHD"}, "model": "profiling.degree_program", "pk": 17}, {"fields": {"department": 7, "no_semester": 6, "program": "Mining Engineering", "degree": "MS"}, "model": "profiling.degree_program", "pk": 18}, {"fields": {"department": 8, "no_semester": 6, "program": "Geo-informatics", "degree": "MS"}, "model": "profiling.degree_program", "pk": 19}, {"fields": {"department": 3, "no_semester": 6, "program": "Water Resources", "degree": "MS"}, "model": "profiling.degree_program", "pk": 20}, {"fields": {"department": 9, "no_semester": 6, "program": "Mechanical Engineering", "degree": "MS"}, "model": "profiling.degree_program", "pk": 21}, {"fields": {"department": 10, "no_semester": 6, "program": "Computer Science", "degree": "MS"}, "model": "profiling.degree_program", "pk": 22}, {"fields": {"department": 10, "no_semester": 15, "program": "Computer Science", "degree": "PHD"}, "model": "profiling.degree_program", "pk": 23}, {"fields": {"department": 11, "no_semester": 6, "program": "Agricultural Engineering", "degree": "MS"}, "model": "profiling.degree_program", "pk": 24}, {"fields": {"department": 11, "no_semester": 15, "program": "Agricultural Engineering", "degree": "PHD"}, "model": "profiling.degree_program", "pk": 25}, {"fields": {"department": 12, "no_semester": 8, "program": "Chemical Engineering", "degree": "MS"}, "model": "profiling.degree_program", "pk": 26}, {"fields": {"department": 13, "no_semester": 8, "program": "Civil Engineering", "degree": "MS"}, "model": "profiling.degree_program", "pk": 27}, {"fields": {"department": 13, "no_semester": 15, "program": "Civil Engineering", "degree": "PHD"}, "model": "profiling.degree_program", "pk": 28}, {"fields": {"department": 14, "no_semester": 8, "program": "Electronics and Communications Engineering", "degree": "MS"}, "model": "profiling.degree_program", "pk": 29}, {"fields": {"department": 14, "no_semester": 15, "program": "Electronics and Communications Engineering", "degree": "PHD"}, "model": "profiling.degree_program", "pk": 30}, {"fields": {"department": 15, "no_semester": 8, "program": "Industrial Engineering", "degree": "MS"}, "model": "profiling.degree_program", "pk": 31}, {"fields": {"department": 15, "no_semester": 15, "program": "Industrial Engineering", "degree": "PHD"}, "model": "profiling.degree_program", "pk": 32}, {"fields": {"department": 16, "no_semester": 8, "program": "Manufacturing Engineering", "degree": "MS"}, "model": "profiling.degree_program", "pk": 33}, {"fields": {"department": 17, "no_semester": 8, "program": "Mechanical Engineering", "degree": "MS"}, "model": "profiling.degree_program", "pk": 34}, {"fields": {"department": 18, "no_semester": 8, "program": "Computer Science", "degree": "MS"}, "model": "profiling.degree_program", "pk": 35}, {"fields": {"department": 19, "no_semester": 6, "program": "Chemical Engineering", "degree": "MS"}, "model": "profiling.degree_program", "pk": 36}, {"fields": {"department": 20, "no_semester": 6, "program": "Electrical Engineering", "degree": "MS"}, "model": "profiling.degree_program", "pk": 37}, {"fields": {"department": 21, "no_semester": 6, "program": "Industrial Engineering", "degree": "MS"}, "model": "profiling.degree_program", "pk": 38}, {"fields": {"department": 22, "no_semester": 6, "program": "Mechanical Engineering", "degree": "MS"}, "model": "profiling.degree_program", "pk": 39}, {"fields": {"university": null, "person": 1, "role": "CENT", "user": 1, "department": null, "scholarship": null}, "model": "profiling.profile", "pk": 1}]